timestamp;buyer;seller;symbol;currency;price;quantity
100;;;KELP;SEASHELLS;2031;1
100;;;RAINFOREST_RESIN;SEASHELLS;10002;1
100;;;SQUID_INK;SEASHELLS;1970;1
200;;;KELP;SEASHELLS;2032;1
200;;;RAINFOREST_RESIN;SEASHELLS;10004;1
200;;;SQUID_INK;SEASHELLS;1969;1
300;;;KELP;SEASHELLS;2031;1
300;;;SQUID_INK;SEASHELLS;1967;1
500;;;KELP;SEASHELLS;2030;1
500;;;SQUID_INK;SEASHELLS;1969;1
600;;;KELP;SEASHELLS;2030;5
600;;;SQUID_INK;SEASHELLS;1967;5
700;;;KELP;SEASHELLS;2028;1
700;;;SQUID_INK;SEASHELLS;1967;1
800;;;KELP;SEASHELLS;2028;1
800;;;RAINFOREST_RESIN;SEASHELLS;9996;1
800;;;SQUID_INK;SEASHELLS;1967;1
1200;;;KELP;SEASHELLS;2029;1
1200;;;SQUID_INK;SEASHELLS;1968;1
1300;;;RAINFOREST_RESIN;SEASHELLS;10002;1
1400;;;KELP;SEASHELLS;2030;6
1500;;;KELP;SEASHELLS;2032;1
1500;;;RAINFOREST_RESIN;SEASHELLS;9998;4
1500;;;SQUID_INK;SEASHELLS;1971;1
1900;;;KELP;SEASHELLS;2030;1
1900;;;SQUID_INK;SEASHELLS;1969;1
2600;;;RAINFOREST_RESIN;SEASHELLS;10002;4
2600;;;RAINFOREST_RESIN;SEASHELLS;10002;1
3000;;;SQUID_INK;SEASHELLS;1974;1
3100;;;RAINFOREST_RESIN;SEASHELLS;9998;1
3200;;;RAINFOREST_RESIN;SEASHELLS;10002;5
3300;;;RAINFOREST_RESIN;SEASHELLS;10002;1
3700;;;RAINFOREST_RESIN;SEASHELLS;9998;1
4000;;;KELP;SEASHELLS;2030;1
4000;;;SQUID_INK;SEASHELLS;1970;1
4200;;;RAINFOREST_RESIN;SEASHELLS;10002;5
4300;;;KELP;SEASHELLS;2030;2
4300;;;SQUID_INK;SEASHELLS;1970;2
5200;;;KELP;SEASHELLS;2030;5
5200;;;SQUID_INK;SEASHELLS;1972;5
5200;;;SQUID_INK;SEASHELLS;1972;4
5400;;;KELP;SEASHELLS;2032;1
5400;;;RAINFOREST_RESIN;SEASHELLS;10005;1
5400;;;SQUID_INK;SEASHELLS;1975;1
5500;;;KELP;SEASHELLS;2029;8
5500;;;RAINFOREST_RESIN;SEASHELLS;10004;1
5500;;;SQUID_INK;SEASHELLS;1972;8
6200;;;KELP;SEASHELLS;2032;1
6200;;;SQUID_INK;SEASHELLS;1975;1
6300;;;KELP;SEASHELLS;2033;11
6300;;;SQUID_INK;SEASHELLS;1976;11
6600;;;KELP;SEASHELLS;2029;7
6600;;;SQUID_INK;SEASHELLS;1974;7
6700;;;KELP;SEASHELLS;2031;1
6700;;;RAINFOREST_RESIN;SEASHELLS;10004;1
6700;;;SQUID_INK;SEASHELLS;1975;1
6800;;;KELP;SEASHELLS;2029;1
6800;;;SQUID_INK;SEASHELLS;1975;1
7200;;;RAINFOREST_RESIN;SEASHELLS;10002;1
7200;;;RAINFOREST_RESIN;SEASHELLS;9996;1
7400;;;KELP;SEASHELLS;2033;13
7400;;;SQUID_INK;SEASHELLS;1978;13
7600;;;RAINFOREST_RESIN;SEASHELLS;10002;1
8000;;;KELP;SEASHELLS;2032;1
8000;;;SQUID_INK;SEASHELLS;1975;1
8200;;;KELP;SEASHELLS;2030;1
8200;;;RAINFOREST_RESIN;SEASHELLS;9996;1
8200;;;SQUID_INK;SEASHELLS;1976;1
9100;;;RAINFOREST_RESIN;SEASHELLS;9998;1
9400;;;RAINFOREST_RESIN;SEASHELLS;10002;1
9500;;;RAINFOREST_RESIN;SEASHELLS;10002;1
9700;;;RAINFOREST_RESIN;SEASHELLS;10002;1
10300;;;KELP;SEASHELLS;2033;1
10300;;;RAINFOREST_RESIN;SEASHELLS;10004;1
10300;;;SQUID_INK;SEASHELLS;1985;1
10600;;;KELP;SEASHELLS;2030;4
10600;;;SQUID_INK;SEASHELLS;1982;4
10700;;;RAINFOREST_RESIN;SEASHELLS;9998;3
10800;;;KELP;SEASHELLS;2030;6
10800;;;SQUID_INK;SEASHELLS;1981;6
11800;;;KELP;SEASHELLS;2030;4
11800;;;SQUID_INK;SEASHELLS;1979;4
11900;;;RAINFOREST_RESIN;SEASHELLS;10002;1
12700;;;RAINFOREST_RESIN;SEASHELLS;10002;1
12700;;;RAINFOREST_RESIN;SEASHELLS;10002;1
13100;;;KELP;SEASHELLS;2030;2
13100;;;SQUID_INK;SEASHELLS;1975;2
13300;;;RAINFOREST_RESIN;SEASHELLS;10002;2
13700;;;RAINFOREST_RESIN;SEASHELLS;10002;1
13900;;;SQUID_INK;SEASHELLS;1974;1
14000;;;KELP;SEASHELLS;2031;1
14000;;;RAINFOREST_RESIN;SEASHELLS;10002;1
14000;;;RAINFOREST_RESIN;SEASHELLS;10002;5
14000;;;SQUID_INK;SEASHELLS;1975;1
14100;;;KELP;SEASHELLS;2030;15
14100;;;SQUID_INK;SEASHELLS;1976;15
14400;;;KELP;SEASHELLS;2030;1
14400;;;KELP;SEASHELLS;2030;2
14400;;;RAINFOREST_RESIN;SEASHELLS;10002;2
14400;;;RAINFOREST_RESIN;SEASHELLS;10002;2
14400;;;SQUID_INK;SEASHELLS;1976;1
14400;;;SQUID_INK;SEASHELLS;1976;2
14600;;;KELP;SEASHELLS;2031;1
14600;;;SQUID_INK;SEASHELLS;1977;1
14800;;;RAINFOREST_RESIN;SEASHELLS;9998;1
15000;;;KELP;SEASHELLS;2030;1
15000;;;SQUID_INK;SEASHELLS;1977;1
15100;;;RAINFOREST_RESIN;SEASHELLS;9998;1
15800;;;KELP;SEASHELLS;2033;2
15800;;;RAINFOREST_RESIN;SEASHELLS;10004;2
15800;;;SQUID_INK;SEASHELLS;1976;2
15900;;;SQUID_INK;SEASHELLS;1971;1
16100;;;KELP;SEASHELLS;2031;2
16100;;;SQUID_INK;SEASHELLS;1970;1
16100;;;SQUID_INK;SEASHELLS;1970;1
16200;;;KELP;SEASHELLS;2030;1
16200;;;RAINFOREST_RESIN;SEASHELLS;10002;3
16200;;;SQUID_INK;SEASHELLS;1968;1
16300;;;RAINFOREST_RESIN;SEASHELLS;9996;1
16300;;;RAINFOREST_RESIN;SEASHELLS;9996;1
17400;;;KELP;SEASHELLS;2033;2
17400;;;KELP;SEASHELLS;2032;3
17400;;;RAINFOREST_RESIN;SEASHELLS;9998;2
17400;;;SQUID_INK;SEASHELLS;1967;2
17500;;;KELP;SEASHELLS;2033;12
17500;;;SQUID_INK;SEASHELLS;1964;12
17900;;;KELP;SEASHELLS;2032;1
17900;;;RAINFOREST_RESIN;SEASHELLS;9998;1
17900;;;RAINFOREST_RESIN;SEASHELLS;9998;2
17900;;;RAINFOREST_RESIN;SEASHELLS;9998;1
17900;;;SQUID_INK;SEASHELLS;1964;1
18100;;;KELP;SEASHELLS;2030;8
18100;;;SQUID_INK;SEASHELLS;1965;2
18200;;;KELP;SEASHELLS;2030;1
18200;;;RAINFOREST_RESIN;SEASHELLS;10002;9
18200;;;RAINFOREST_RESIN;SEASHELLS;9996;1
18200;;;SQUID_INK;SEASHELLS;1965;1
18500;;;KELP;SEASHELLS;2030;1
18500;;;SQUID_INK;SEASHELLS;1967;1
18600;;;SQUID_INK;SEASHELLS;1966;9
18900;;;RAINFOREST_RESIN;SEASHELLS;10002;1
19300;;;RAINFOREST_RESIN;SEASHELLS;9998;2
19300;;;RAINFOREST_RESIN;SEASHELLS;9998;6
19500;;;KELP;SEASHELLS;2030;14
19500;;;SQUID_INK;SEASHELLS;1967;14
19600;;;KELP;SEASHELLS;2033;11
19600;;;RAINFOREST_RESIN;SEASHELLS;10002;1
19600;;;SQUID_INK;SEASHELLS;1970;11
19900;;;RAINFOREST_RESIN;SEASHELLS;9996;1
20000;;;RAINFOREST_RESIN;SEASHELLS;9998;1
20200;;;RAINFOREST_RESIN;SEASHELLS;10002;1
20400;;;KELP;SEASHELLS;2030;3
20400;;;SQUID_INK;SEASHELLS;1970;3
20500;;;KELP;SEASHELLS;2032;2
20500;;;KELP;SEASHELLS;2030;8
20500;;;SQUID_INK;SEASHELLS;1971;2
20500;;;SQUID_INK;SEASHELLS;1969;8
20600;;;KELP;SEASHELLS;2033;2
20600;;;RAINFOREST_RESIN;SEASHELLS;9998;2
20600;;;SQUID_INK;SEASHELLS;1973;2
20700;;;KELP;SEASHELLS;2032;2
20700;;;SQUID_INK;SEASHELLS;1972;2
20900;;;KELP;SEASHELLS;2030;1
20900;;;SQUID_INK;SEASHELLS;1972;1
21100;;;KELP;SEASHELLS;2031;2
21200;;;KELP;SEASHELLS;2032;1
21200;;;RAINFOREST_RESIN;SEASHELLS;9998;1
21200;;;SQUID_INK;SEASHELLS;1974;1
21500;;;SQUID_INK;SEASHELLS;1975;7
22100;;;KELP;SEASHELLS;2033;1
22100;;;SQUID_INK;SEASHELLS;1978;1
22200;;;RAINFOREST_RESIN;SEASHELLS;10002;1
22400;;;RAINFOREST_RESIN;SEASHELLS;10002;1
22500;;;KELP;SEASHELLS;2033;1
22500;;;SQUID_INK;SEASHELLS;1980;1
22800;;;KELP;SEASHELLS;2031;2
22800;;;RAINFOREST_RESIN;SEASHELLS;10002;1
22800;;;SQUID_INK;SEASHELLS;1978;2
22900;;;KELP;SEASHELLS;2031;1
22900;;;SQUID_INK;SEASHELLS;1978;1
23000;;;KELP;SEASHELLS;2033;1
23000;;;RAINFOREST_RESIN;SEASHELLS;10002;1
23200;;;KELP;SEASHELLS;2031;1
23200;;;SQUID_INK;SEASHELLS;1978;1
23400;;;KELP;SEASHELLS;2031;1
23400;;;KELP;SEASHELLS;2031;14
23400;;;SQUID_INK;SEASHELLS;1980;15
23600;;;KELP;SEASHELLS;2031;1
23600;;;SQUID_INK;SEASHELLS;1981;1
24300;;;KELP;SEASHELLS;2030;1
24300;;;RAINFOREST_RESIN;SEASHELLS;10002;1
24300;;;SQUID_INK;SEASHELLS;1984;1
24500;;;KELP;SEASHELLS;2030;9
24500;;;SQUID_INK;SEASHELLS;1984;2
25100;;;RAINFOREST_RESIN;SEASHELLS;9998;1
25900;;;KELP;SEASHELLS;2034;2
25900;;;RAINFOREST_RESIN;SEASHELLS;10004;2
25900;;;SQUID_INK;SEASHELLS;1982;2
26000;;;KELP;SEASHELLS;2033;1
26000;;;SQUID_INK;SEASHELLS;1978;1
26200;;;RAINFOREST_RESIN;SEASHELLS;10002;1
26300;;;KELP;SEASHELLS;2031;1
26300;;;RAINFOREST_RESIN;SEASHELLS;10002;4
26300;;;SQUID_INK;SEASHELLS;1978;1
26600;;;RAINFOREST_RESIN;SEASHELLS;9998;4
26700;;;KELP;SEASHELLS;2033;1
26700;;;SQUID_INK;SEASHELLS;1977;1
26800;;;RAINFOREST_RESIN;SEASHELLS;10002;1
27100;;;KELP;SEASHELLS;2033;1
27100;;;RAINFOREST_RESIN;SEASHELLS;9998;1
27200;;;KELP;SEASHELLS;2033;1
27200;;;SQUID_INK;SEASHELLS;1970;1
27300;;;KELP;SEASHELLS;2031;1
27300;;;SQUID_INK;SEASHELLS;1968;1
27400;;;RAINFOREST_RESIN;SEASHELLS;9998;6
27400;;;RAINFOREST_RESIN;SEASHELLS;9998;3
27800;;;RAINFOREST_RESIN;SEASHELLS;9998;3
28100;;;RAINFOREST_RESIN;SEASHELLS;10004;1
28100;;;RAINFOREST_RESIN;SEASHELLS;10004;2
28500;;;KELP;SEASHELLS;2031;1
28500;;;SQUID_INK;SEASHELLS;1971;1
28600;;;KELP;SEASHELLS;2031;1
28600;;;KELP;SEASHELLS;2032;5
28600;;;SQUID_INK;SEASHELLS;1971;1
28600;;;SQUID_INK;SEASHELLS;1972;5
28700;;;KELP;SEASHELLS;2031;1
28700;;;SQUID_INK;SEASHELLS;1971;1
29000;;;RAINFOREST_RESIN;SEASHELLS;10002;1
29300;;;KELP;SEASHELLS;2033;1
29300;;;SQUID_INK;SEASHELLS;1974;1
29400;;;RAINFOREST_RESIN;SEASHELLS;10002;1
29500;;;KELP;SEASHELLS;2030;1
29500;;;SQUID_INK;SEASHELLS;1970;1
29600;;;KELP;SEASHELLS;2031;4
29600;;;SQUID_INK;SEASHELLS;1971;4
29800;;;RAINFOREST_RESIN;SEASHELLS;10005;5
29900;;;KELP;SEASHELLS;2034;15
29900;;;SQUID_INK;SEASHELLS;1972;15
30200;;;RAINFOREST_RESIN;SEASHELLS;9998;1
30400;;;KELP;SEASHELLS;2032;3
30400;;;SQUID_INK;SEASHELLS;1968;3
30600;;;RAINFOREST_RESIN;SEASHELLS;10002;1
31000;;;KELP;SEASHELLS;2033;1
31000;;;RAINFOREST_RESIN;SEASHELLS;10002;1
31000;;;RAINFOREST_RESIN;SEASHELLS;10002;1
31000;;;SQUID_INK;SEASHELLS;1966;1
31100;;;KELP;SEASHELLS;2032;1
31100;;;KELP;SEASHELLS;2030;9
31100;;;RAINFOREST_RESIN;SEASHELLS;10002;1
31100;;;SQUID_INK;SEASHELLS;1963;1
31100;;;SQUID_INK;SEASHELLS;1962;9
31200;;;KELP;SEASHELLS;2030;1
31200;;;RAINFOREST_RESIN;SEASHELLS;10002;1
31200;;;RAINFOREST_RESIN;SEASHELLS;10002;6
31200;;;SQUID_INK;SEASHELLS;1963;1
31400;;;RAINFOREST_RESIN;SEASHELLS;10002;3
31600;;;RAINFOREST_RESIN;SEASHELLS;9998;1
31600;;;RAINFOREST_RESIN;SEASHELLS;9998;3
31700;;;RAINFOREST_RESIN;SEASHELLS;10002;1
31700;;;RAINFOREST_RESIN;SEASHELLS;9995;3
32100;;;KELP;SEASHELLS;2030;2
32100;;;RAINFOREST_RESIN;SEASHELLS;9998;2
32100;;;SQUID_INK;SEASHELLS;1962;2
32500;;;KELP;SEASHELLS;2033;9
32500;;;RAINFOREST_RESIN;SEASHELLS;10002;1
32500;;;SQUID_INK;SEASHELLS;1962;9
33200;;;KELP;SEASHELLS;2032;1
33200;;;SQUID_INK;SEASHELLS;1957;1
33600;;;RAINFOREST_RESIN;SEASHELLS;9998;2
33900;;;RAINFOREST_RESIN;SEASHELLS;10004;1
33900;;;RAINFOREST_RESIN;SEASHELLS;10004;11
34000;;;KELP;SEASHELLS;2032;1
34000;;;SQUID_INK;SEASHELLS;1959;1
34200;;;RAINFOREST_RESIN;SEASHELLS;10002;1
34300;;;KELP;SEASHELLS;2030;1
34300;;;SQUID_INK;SEASHELLS;1957;1
34600;;;KELP;SEASHELLS;2033;14
34600;;;SQUID_INK;SEASHELLS;1960;14
34800;;;KELP;SEASHELLS;2030;10
34800;;;SQUID_INK;SEASHELLS;1959;10
35400;;;RAINFOREST_RESIN;SEASHELLS;10002;1
35700;;;KELP;SEASHELLS;2033;2
35700;;;SQUID_INK;SEASHELLS;1960;11
36000;;;KELP;SEASHELLS;2031;2
36000;;;SQUID_INK;SEASHELLS;1958;2
36500;;;KELP;SEASHELLS;2029;1
36500;;;SQUID_INK;SEASHELLS;1958;1
36600;;;SQUID_INK;SEASHELLS;1959;2
36700;;;RAINFOREST_RESIN;SEASHELLS;10002;1
36700;;;RAINFOREST_RESIN;SEASHELLS;10002;1
37100;;;KELP;SEASHELLS;2033;9
37100;;;SQUID_INK;SEASHELLS;1964;9
37300;;;RAINFOREST_RESIN;SEASHELLS;9996;1
37600;;;KELP;SEASHELLS;2032;1
37600;;;KELP;SEASHELLS;2029;9
37600;;;RAINFOREST_RESIN;SEASHELLS;10004;1
37600;;;RAINFOREST_RESIN;SEASHELLS;10004;9
37600;;;SQUID_INK;SEASHELLS;1959;1
37600;;;SQUID_INK;SEASHELLS;1957;9
37800;;;KELP;SEASHELLS;2033;2
37800;;;RAINFOREST_RESIN;SEASHELLS;10004;2
37800;;;SQUID_INK;SEASHELLS;1960;2
38400;;;KELP;SEASHELLS;2030;4
38400;;;SQUID_INK;SEASHELLS;1957;4
38700;;;KELP;SEASHELLS;2030;1
38700;;;RAINFOREST_RESIN;SEASHELLS;10004;2
38700;;;SQUID_INK;SEASHELLS;1955;1
39100;;;KELP;SEASHELLS;2033;1
39100;;;RAINFOREST_RESIN;SEASHELLS;9998;1
39100;;;SQUID_INK;SEASHELLS;1961;1
39200;;;KELP;SEASHELLS;2030;2
39200;;;KELP;SEASHELLS;2031;4
39200;;;RAINFOREST_RESIN;SEASHELLS;9995;2
39200;;;SQUID_INK;SEASHELLS;1958;2
39700;;;KELP;SEASHELLS;2029;1
39700;;;SQUID_INK;SEASHELLS;1958;1
40000;;;KELP;SEASHELLS;2029;1
40000;;;KELP;SEASHELLS;2029;13
40000;;;SQUID_INK;SEASHELLS;1956;14
40200;;;KELP;SEASHELLS;2032;6
40200;;;SQUID_INK;SEASHELLS;1956;6
40500;;;KELP;SEASHELLS;2032;13
40500;;;SQUID_INK;SEASHELLS;1952;13
40600;;;RAINFOREST_RESIN;SEASHELLS;10002;1
40700;;;KELP;SEASHELLS;2031;1
41400;;;KELP;SEASHELLS;2030;5
41400;;;SQUID_INK;SEASHELLS;1938;5
41800;;;KELP;SEASHELLS;2029;1
41800;;;SQUID_INK;SEASHELLS;1944;1
42000;;;RAINFOREST_RESIN;SEASHELLS;9998;1
42400;;;KELP;SEASHELLS;2028;1
42400;;;RAINFOREST_RESIN;SEASHELLS;9996;1
42400;;;SQUID_INK;SEASHELLS;1947;1
42800;;;KELP;SEASHELLS;2029;2
42800;;;SQUID_INK;SEASHELLS;1949;2
43200;;;RAINFOREST_RESIN;SEASHELLS;9996;2
43600;;;RAINFOREST_RESIN;SEASHELLS;10002;2
43800;;;KELP;SEASHELLS;2031;5
43800;;;SQUID_INK;SEASHELLS;1949;5
43900;;;KELP;SEASHELLS;2028;1
43900;;;KELP;SEASHELLS;2031;2
43900;;;RAINFOREST_RESIN;SEASHELLS;10002;1
43900;;;RAINFOREST_RESIN;SEASHELLS;10002;4
43900;;;RAINFOREST_RESIN;SEASHELLS;10002;2
43900;;;SQUID_INK;SEASHELLS;1946;1
43900;;;SQUID_INK;SEASHELLS;1949;2
44300;;;RAINFOREST_RESIN;SEASHELLS;9998;2
44700;;;KELP;SEASHELLS;2030;1
44700;;;SQUID_INK;SEASHELLS;1949;1
45000;;;KELP;SEASHELLS;2029;1
45000;;;SQUID_INK;SEASHELLS;1948;1
45200;;;KELP;SEASHELLS;2029;1
45200;;;RAINFOREST_RESIN;SEASHELLS;10002;1
45200;;;SQUID_INK;SEASHELLS;1947;1
45300;;;KELP;SEASHELLS;2029;1
45300;;;SQUID_INK;SEASHELLS;1947;1
45500;;;KELP;SEASHELLS;2029;3
45500;;;RAINFOREST_RESIN;SEASHELLS;9998;3
45500;;;SQUID_INK;SEASHELLS;1947;3
45900;;;KELP;SEASHELLS;2029;1
45900;;;SQUID_INK;SEASHELLS;1945;1
46000;;;RAINFOREST_RESIN;SEASHELLS;9998;1
46400;;;SQUID_INK;SEASHELLS;1948;1
46500;;;RAINFOREST_RESIN;SEASHELLS;9998;1
46600;;;KELP;SEASHELLS;2032;1
46600;;;SQUID_INK;SEASHELLS;1949;1
46900;;;KELP;SEASHELLS;2030;1
46900;;;KELP;SEASHELLS;2030;9
46900;;;SQUID_INK;SEASHELLS;1948;10
47200;;;KELP;SEASHELLS;2032;1
47200;;;SQUID_INK;SEASHELLS;1949;1
47400;;;KELP;SEASHELLS;2032;2
47400;;;KELP;SEASHELLS;2032;5
47400;;;RAINFOREST_RESIN;SEASHELLS;9998;1
47400;;;SQUID_INK;SEASHELLS;1948;2
47700;;;KELP;SEASHELLS;2029;10
47700;;;SQUID_INK;SEASHELLS;1947;10
48000;;;RAINFOREST_RESIN;SEASHELLS;10002;1
48200;;;KELP;SEASHELLS;2029;1
48200;;;SQUID_INK;SEASHELLS;1949;1
48300;;;KELP;SEASHELLS;2030;1
48300;;;KELP;SEASHELLS;2030;4
48300;;;SQUID_INK;SEASHELLS;1949;1
48300;;;SQUID_INK;SEASHELLS;1949;4
48900;;;KELP;SEASHELLS;2029;1
48900;;;SQUID_INK;SEASHELLS;1952;1
49000;;;RAINFOREST_RESIN;SEASHELLS;10004;1
49000;;;RAINFOREST_RESIN;SEASHELLS;10004;1
49800;;;KELP;SEASHELLS;2029;1
49800;;;KELP;SEASHELLS;2033;1
49800;;;RAINFOREST_RESIN;SEASHELLS;10002;1
49800;;;SQUID_INK;SEASHELLS;1952;1
49800;;;SQUID_INK;SEASHELLS;1955;1
50100;;;RAINFOREST_RESIN;SEASHELLS;10002;4
50400;;;KELP;SEASHELLS;2029;2
50400;;;KELP;SEASHELLS;2029;1
50400;;;SQUID_INK;SEASHELLS;1954;2
50400;;;SQUID_INK;SEASHELLS;1954;1
50600;;;KELP;SEASHELLS;2031;1
50600;;;KELP;SEASHELLS;2030;4
50600;;;SQUID_INK;SEASHELLS;1954;1
50600;;;SQUID_INK;SEASHELLS;1953;4
50900;;;KELP;SEASHELLS;2029;1
50900;;;KELP;SEASHELLS;2030;5
50900;;;SQUID_INK;SEASHELLS;1951;1
51400;;;KELP;SEASHELLS;2031;5
51400;;;SQUID_INK;SEASHELLS;1951;5
51500;;;KELP;SEASHELLS;2032;4
51500;;;KELP;SEASHELLS;2029;2
51500;;;RAINFOREST_RESIN;SEASHELLS;9995;2
51500;;;SQUID_INK;SEASHELLS;1951;4
51500;;;SQUID_INK;SEASHELLS;1948;2
51600;;;KELP;SEASHELLS;2031;1
51600;;;SQUID_INK;SEASHELLS;1951;1
52000;;;RAINFOREST_RESIN;SEASHELLS;9998;1
52200;;;KELP;SEASHELLS;2029;1
52200;;;RAINFOREST_RESIN;SEASHELLS;10002;1
52200;;;SQUID_INK;SEASHELLS;1948;1
52400;;;KELP;SEASHELLS;2030;4
52400;;;RAINFOREST_RESIN;SEASHELLS;10002;4
52400;;;RAINFOREST_RESIN;SEASHELLS;10002;3
52400;;;SQUID_INK;SEASHELLS;1951;1
52400;;;SQUID_INK;SEASHELLS;1951;3
52600;;;KELP;SEASHELLS;2030;2
52600;;;RAINFOREST_RESIN;SEASHELLS;10004;1
52700;;;KELP;SEASHELLS;2032;1
52700;;;SQUID_INK;SEASHELLS;1950;1
52800;;;KELP;SEASHELLS;2032;1
53100;;;RAINFOREST_RESIN;SEASHELLS;9998;5
53300;;;KELP;SEASHELLS;2029;8
53300;;;SQUID_INK;SEASHELLS;1950;8
54000;;;RAINFOREST_RESIN;SEASHELLS;10002;1
54100;;;KELP;SEASHELLS;2032;2
54100;;;RAINFOREST_RESIN;SEASHELLS;10004;1
54100;;;RAINFOREST_RESIN;SEASHELLS;10004;1
54100;;;SQUID_INK;SEASHELLS;1953;1
54100;;;SQUID_INK;SEASHELLS;1953;1
54200;;;KELP;SEASHELLS;2028;1
54200;;;SQUID_INK;SEASHELLS;1951;1
54300;;;KELP;SEASHELLS;2028;2
54300;;;RAINFOREST_RESIN;SEASHELLS;10002;1
54300;;;SQUID_INK;SEASHELLS;1952;2
54600;;;RAINFOREST_RESIN;SEASHELLS;10002;2
54700;;;KELP;SEASHELLS;2032;2
54700;;;RAINFOREST_RESIN;SEASHELLS;10004;1
54700;;;RAINFOREST_RESIN;SEASHELLS;10005;2
54700;;;RAINFOREST_RESIN;SEASHELLS;10004;4
54700;;;SQUID_INK;SEASHELLS;1952;2
54900;;;KELP;SEASHELLS;2031;1
54900;;;SQUID_INK;SEASHELLS;1950;1
55200;;;KELP;SEASHELLS;2029;1
55200;;;SQUID_INK;SEASHELLS;1949;1
55300;;;KELP;SEASHELLS;2031;1
55300;;;RAINFOREST_RESIN;SEASHELLS;10002;5
55300;;;RAINFOREST_RESIN;SEASHELLS;10002;3
55300;;;SQUID_INK;SEASHELLS;1950;1
55400;;;RAINFOREST_RESIN;SEASHELLS;9998;6
55900;;;RAINFOREST_RESIN;SEASHELLS;9998;4
56500;;;RAINFOREST_RESIN;SEASHELLS;10002;6
56700;;;RAINFOREST_RESIN;SEASHELLS;9998;1
56700;;;SQUID_INK;SEASHELLS;1947;2
57100;;;KELP;SEASHELLS;2031;1
57100;;;RAINFOREST_RESIN;SEASHELLS;9998;1
57100;;;SQUID_INK;SEASHELLS;1949;1
57600;;;RAINFOREST_RESIN;SEASHELLS;9998;1
57900;;;KELP;SEASHELLS;2030;5
58000;;;KELP;SEASHELLS;2033;14
58000;;;SQUID_INK;SEASHELLS;1950;14
58100;;;RAINFOREST_RESIN;SEASHELLS;10005;7
58600;;;KELP;SEASHELLS;2029;1
58600;;;RAINFOREST_RESIN;SEASHELLS;9996;1
58600;;;SQUID_INK;SEASHELLS;1945;1
58800;;;KELP;SEASHELLS;2031;2
58800;;;RAINFOREST_RESIN;SEASHELLS;10004;1
58800;;;RAINFOREST_RESIN;SEASHELLS;10004;1
58800;;;SQUID_INK;SEASHELLS;1945;2
58900;;;KELP;SEASHELLS;2032;2
58900;;;KELP;SEASHELLS;2031;1
58900;;;RAINFOREST_RESIN;SEASHELLS;10004;2
58900;;;SQUID_INK;SEASHELLS;1944;2
58900;;;SQUID_INK;SEASHELLS;1943;1
59100;;;RAINFOREST_RESIN;SEASHELLS;9998;1
59400;;;RAINFOREST_RESIN;SEASHELLS;10002;1
59600;;;RAINFOREST_RESIN;SEASHELLS;10002;1
59700;;;KELP;SEASHELLS;2031;1
59700;;;SQUID_INK;SEASHELLS;1951;1
59900;;;KELP;SEASHELLS;2029;2
59900;;;RAINFOREST_RESIN;SEASHELLS;9996;2
59900;;;SQUID_INK;SEASHELLS;1946;2
60000;;;RAINFOREST_RESIN;SEASHELLS;9998;3
60400;;;RAINFOREST_RESIN;SEASHELLS;9996;2
60400;;;RAINFOREST_RESIN;SEASHELLS;9996;5
60400;;;RAINFOREST_RESIN;SEASHELLS;9998;1
60600;;;KELP;SEASHELLS;2029;1
60600;;;RAINFOREST_RESIN;SEASHELLS;9996;1
60600;;;SQUID_INK;SEASHELLS;1944;1
60700;;;KELP;SEASHELLS;2029;1
60700;;;SQUID_INK;SEASHELLS;1944;1
60800;;;KELP;SEASHELLS;2031;1
60800;;;SQUID_INK;SEASHELLS;1947;1
61000;;;RAINFOREST_RESIN;SEASHELLS;9998;1
61200;;;KELP;SEASHELLS;2029;3
61200;;;KELP;SEASHELLS;2029;1
61200;;;SQUID_INK;SEASHELLS;1944;3
61200;;;SQUID_INK;SEASHELLS;1944;1
61500;;;SQUID_INK;SEASHELLS;1947;1
61800;;;KELP;SEASHELLS;2029;1
61800;;;SQUID_INK;SEASHELLS;1945;1
61900;;;KELP;SEASHELLS;2028;9
61900;;;SQUID_INK;SEASHELLS;1946;9
62700;;;KELP;SEASHELLS;2032;15
62700;;;RAINFOREST_RESIN;SEASHELLS;9998;1
62700;;;SQUID_INK;SEASHELLS;1947;15
62800;;;RAINFOREST_RESIN;SEASHELLS;9995;12
63100;;;RAINFOREST_RESIN;SEASHELLS;9998;1
63300;;;RAINFOREST_RESIN;SEASHELLS;10002;1
63300;;;RAINFOREST_RESIN;SEASHELLS;10002;4
63300;;;SQUID_INK;SEASHELLS;1949;1
63600;;;KELP;SEASHELLS;2031;1
63700;;;KELP;SEASHELLS;2030;5
63700;;;SQUID_INK;SEASHELLS;1948;5
63900;;;KELP;SEASHELLS;2030;2
63900;;;SQUID_INK;SEASHELLS;1947;2
64000;;;KELP;SEASHELLS;2029;1
64000;;;SQUID_INK;SEASHELLS;1944;1
64600;;;RAINFOREST_RESIN;SEASHELLS;9996;2
64800;;;KELP;SEASHELLS;2029;1
64900;;;RAINFOREST_RESIN;SEASHELLS;9998;4
65200;;;KELP;SEASHELLS;2029;1
65200;;;SQUID_INK;SEASHELLS;1945;1
65400;;;KELP;SEASHELLS;2030;1
65400;;;KELP;SEASHELLS;2030;2
65400;;;SQUID_INK;SEASHELLS;1950;1
65400;;;SQUID_INK;SEASHELLS;1950;2
65700;;;KELP;SEASHELLS;2029;1
65700;;;SQUID_INK;SEASHELLS;1954;1
65800;;;RAINFOREST_RESIN;SEASHELLS;10002;1
66100;;;KELP;SEASHELLS;2033;2
66100;;;RAINFOREST_RESIN;SEASHELLS;10004;2
66100;;;SQUID_INK;SEASHELLS;1957;2
66200;;;RAINFOREST_RESIN;SEASHELLS;10002;1
66200;;;SQUID_INK;SEASHELLS;1957;5
66300;;;KELP;SEASHELLS;2033;4
66300;;;SQUID_INK;SEASHELLS;1957;4
66500;;;KELP;SEASHELLS;2033;11
66500;;;SQUID_INK;SEASHELLS;1956;11
66600;;;RAINFOREST_RESIN;SEASHELLS;10002;2
67400;;;RAINFOREST_RESIN;SEASHELLS;9996;1
67400;;;RAINFOREST_RESIN;SEASHELLS;9996;4
67700;;;KELP;SEASHELLS;2031;3
67800;;;RAINFOREST_RESIN;SEASHELLS;9996;2
67800;;;RAINFOREST_RESIN;SEASHELLS;9996;3
68000;;;KELP;SEASHELLS;2032;1
68000;;;RAINFOREST_RESIN;SEASHELLS;10002;1
68000;;;SQUID_INK;SEASHELLS;1958;1
68200;;;RAINFOREST_RESIN;SEASHELLS;9998;1
68400;;;RAINFOREST_RESIN;SEASHELLS;10002;1
68500;;;KELP;SEASHELLS;2031;1
68500;;;KELP;SEASHELLS;2031;1
68500;;;RAINFOREST_RESIN;SEASHELLS;10004;1
68500;;;SQUID_INK;SEASHELLS;1958;1
68500;;;SQUID_INK;SEASHELLS;1958;1
68600;;;RAINFOREST_RESIN;SEASHELLS;9998;1
69100;;;KELP;SEASHELLS;2030;1
69100;;;RAINFOREST_RESIN;SEASHELLS;9996;1
69100;;;SQUID_INK;SEASHELLS;1957;1
69800;;;KELP;SEASHELLS;2030;1
69800;;;SQUID_INK;SEASHELLS;1960;1
69900;;;RAINFOREST_RESIN;SEASHELLS;10002;1
70100;;;SQUID_INK;SEASHELLS;1958;1
70300;;;KELP;SEASHELLS;2033;1
70300;;;RAINFOREST_RESIN;SEASHELLS;10004;1
70300;;;SQUID_INK;SEASHELLS;1962;1
70500;;;KELP;SEASHELLS;2030;3
70500;;;SQUID_INK;SEASHELLS;1958;3
70600;;;KELP;SEASHELLS;2030;1
70600;;;SQUID_INK;SEASHELLS;1959;1
70700;;;KELP;SEASHELLS;2033;1
70700;;;RAINFOREST_RESIN;SEASHELLS;10005;1
70700;;;SQUID_INK;SEASHELLS;1963;1
70900;;;KELP;SEASHELLS;2030;1
70900;;;SQUID_INK;SEASHELLS;1961;1
71000;;;KELP;SEASHELLS;2032;1
71000;;;RAINFOREST_RESIN;SEASHELLS;9998;8
71000;;;SQUID_INK;SEASHELLS;1963;1
71100;;;RAINFOREST_RESIN;SEASHELLS;9998;4
71200;;;RAINFOREST_RESIN;SEASHELLS;9998;1
71400;;;RAINFOREST_RESIN;SEASHELLS;10002;2
71700;;;KELP;SEASHELLS;2029;1
71700;;;RAINFOREST_RESIN;SEASHELLS;9996;1
71700;;;RAINFOREST_RESIN;SEASHELLS;9998;1
71700;;;SQUID_INK;SEASHELLS;1960;1
72100;;;RAINFOREST_RESIN;SEASHELLS;9998;1
72200;;;RAINFOREST_RESIN;SEASHELLS;9998;1
72800;;;KELP;SEASHELLS;2029;2
72800;;;KELP;SEASHELLS;2029;6
72800;;;SQUID_INK;SEASHELLS;1964;8
73400;;;RAINFOREST_RESIN;SEASHELLS;10002;1
73600;;;KELP;SEASHELLS;2029;2
73600;;;RAINFOREST_RESIN;SEASHELLS;9995;2
73600;;;SQUID_INK;SEASHELLS;1961;2
73700;;;RAINFOREST_RESIN;SEASHELLS;10002;4
73900;;;KELP;SEASHELLS;2032;2
73900;;;RAINFOREST_RESIN;SEASHELLS;10005;2
73900;;;SQUID_INK;SEASHELLS;1964;2
74000;;;RAINFOREST_RESIN;SEASHELLS;9998;1
74100;;;KELP;SEASHELLS;2031;3
74200;;;KELP;SEASHELLS;2031;2
74200;;;RAINFOREST_RESIN;SEASHELLS;10002;1
74200;;;RAINFOREST_RESIN;SEASHELLS;10002;1
74200;;;SQUID_INK;SEASHELLS;1962;2
74300;;;KELP;SEASHELLS;2031;1
74300;;;KELP;SEASHELLS;2031;1
74300;;;RAINFOREST_RESIN;SEASHELLS;9998;1
74300;;;RAINFOREST_RESIN;SEASHELLS;10004;1
74300;;;SQUID_INK;SEASHELLS;1962;1
74300;;;SQUID_INK;SEASHELLS;1961;1
74500;;;KELP;SEASHELLS;2031;3
74500;;;KELP;SEASHELLS;2031;1
74600;;;RAINFOREST_RESIN;SEASHELLS;9998;2
75000;;;KELP;SEASHELLS;2030;1
75000;;;RAINFOREST_RESIN;SEASHELLS;9996;1
75000;;;RAINFOREST_RESIN;SEASHELLS;9998;4
75000;;;SQUID_INK;SEASHELLS;1955;1
75500;;;KELP;SEASHELLS;2029;2
75500;;;RAINFOREST_RESIN;SEASHELLS;9996;1
75500;;;SQUID_INK;SEASHELLS;1955;2
75700;;;KELP;SEASHELLS;2033;2
75700;;;RAINFOREST_RESIN;SEASHELLS;10004;2
75700;;;SQUID_INK;SEASHELLS;1961;2
76700;;;KELP;SEASHELLS;2029;1
76700;;;KELP;SEASHELLS;2029;2
76700;;;RAINFOREST_RESIN;SEASHELLS;9998;2
76700;;;SQUID_INK;SEASHELLS;1962;1
76700;;;SQUID_INK;SEASHELLS;1962;2
76900;;;KELP;SEASHELLS;2029;1
76900;;;SQUID_INK;SEASHELLS;1961;1
77100;;;KELP;SEASHELLS;2031;5
77100;;;SQUID_INK;SEASHELLS;1965;5
77300;;;KELP;SEASHELLS;2028;1
77300;;;SQUID_INK;SEASHELLS;1967;1
77400;;;KELP;SEASHELLS;2030;3
77400;;;SQUID_INK;SEASHELLS;1968;3
78100;;;KELP;SEASHELLS;2026;1
78100;;;SQUID_INK;SEASHELLS;1970;1
78200;;;KELP;SEASHELLS;2029;1
78200;;;RAINFOREST_RESIN;SEASHELLS;10002;1
78200;;;SQUID_INK;SEASHELLS;1972;1
78500;;;RAINFOREST_RESIN;SEASHELLS;10004;2
78500;;;RAINFOREST_RESIN;SEASHELLS;10004;1
78700;;;RAINFOREST_RESIN;SEASHELLS;9996;1
78700;;;RAINFOREST_RESIN;SEASHELLS;9996;5
79200;;;RAINFOREST_RESIN;SEASHELLS;10002;3
79400;;;KELP;SEASHELLS;2028;1
79400;;;RAINFOREST_RESIN;SEASHELLS;10005;1
79400;;;SQUID_INK;SEASHELLS;1972;1
79500;;;KELP;SEASHELLS;2025;1
79500;;;RAINFOREST_RESIN;SEASHELLS;10004;2
79500;;;SQUID_INK;SEASHELLS;1969;1
80000;;;SQUID_INK;SEASHELLS;1969;1
80100;;;KELP;SEASHELLS;2025;1
80100;;;RAINFOREST_RESIN;SEASHELLS;9996;1
80100;;;SQUID_INK;SEASHELLS;1967;1
80500;;;KELP;SEASHELLS;2025;2
80500;;;KELP;SEASHELLS;2028;1
80500;;;RAINFOREST_RESIN;SEASHELLS;9998;1
80500;;;SQUID_INK;SEASHELLS;1967;1
81200;;;KELP;SEASHELLS;2029;2
81200;;;RAINFOREST_RESIN;SEASHELLS;10002;2
81200;;;SQUID_INK;SEASHELLS;1969;2
81300;;;KELP;SEASHELLS;2029;2
81300;;;KELP;SEASHELLS;2028;1
81300;;;RAINFOREST_RESIN;SEASHELLS;10004;2
81300;;;RAINFOREST_RESIN;SEASHELLS;10002;1
81300;;;SQUID_INK;SEASHELLS;1966;2
81300;;;SQUID_INK;SEASHELLS;1965;1
81500;;;RAINFOREST_RESIN;SEASHELLS;9998;1
81600;;;RAINFOREST_RESIN;SEASHELLS;10002;1
82000;;;RAINFOREST_RESIN;SEASHELLS;10002;1
82100;;;RAINFOREST_RESIN;SEASHELLS;9998;4
82300;;;RAINFOREST_RESIN;SEASHELLS;10004;2
82300;;;RAINFOREST_RESIN;SEASHELLS;10004;7
82500;;;RAINFOREST_RESIN;SEASHELLS;9998;3
82600;;;KELP;SEASHELLS;2026;14
82600;;;SQUID_INK;SEASHELLS;1965;14
82800;;;SQUID_INK;SEASHELLS;1963;1
83100;;;RAINFOREST_RESIN;SEASHELLS;9998;5
83600;;;KELP;SEASHELLS;2026;2
83600;;;RAINFOREST_RESIN;SEASHELLS;9998;1
83600;;;RAINFOREST_RESIN;SEASHELLS;9998;1
83600;;;SQUID_INK;SEASHELLS;1966;2
83800;;;RAINFOREST_RESIN;SEASHELLS;9995;11
83800;;;RAINFOREST_RESIN;SEASHELLS;9998;2
84000;;;KELP;SEASHELLS;2026;1
84000;;;SQUID_INK;SEASHELLS;1966;1
84300;;;KELP;SEASHELLS;2026;1
84300;;;SQUID_INK;SEASHELLS;1967;1
84700;;;RAINFOREST_RESIN;SEASHELLS;10002;1
84700;;;RAINFOREST_RESIN;SEASHELLS;10002;2
85100;;;RAINFOREST_RESIN;SEASHELLS;9996;1
85500;;;KELP;SEASHELLS;2029;1
85500;;;SQUID_INK;SEASHELLS;1972;1
85800;;;KELP;SEASHELLS;2027;2
85800;;;SQUID_INK;SEASHELLS;1969;2
85800;;;SQUID_INK;SEASHELLS;1969;2
85900;;;RAINFOREST_RESIN;SEASHELLS;10002;1
85900;;;RAINFOREST_RESIN;SEASHELLS;9998;8
86000;;;KELP;SEASHELLS;2028;1
86000;;;SQUID_INK;SEASHELLS;1970;1
86100;;;KELP;SEASHELLS;2026;1
86100;;;SQUID_INK;SEASHELLS;1967;1
86200;;;KELP;SEASHELLS;2026;1
86200;;;SQUID_INK;SEASHELLS;1966;1
86600;;;KELP;SEASHELLS;2026;1
86600;;;RAINFOREST_RESIN;SEASHELLS;10002;1
86600;;;SQUID_INK;SEASHELLS;1966;1
86700;;;KELP;SEASHELLS;2028;1
86700;;;SQUID_INK;SEASHELLS;1968;1
86900;;;KELP;SEASHELLS;2029;1
86900;;;SQUID_INK;SEASHELLS;1969;1
87000;;;KELP;SEASHELLS;2027;1
87000;;;RAINFOREST_RESIN;SEASHELLS;9996;1
87000;;;SQUID_INK;SEASHELLS;1966;1
87300;;;RAINFOREST_RESIN;SEASHELLS;9996;2
87300;;;RAINFOREST_RESIN;SEASHELLS;9996;5
87400;;;KELP;SEASHELLS;2027;1
87400;;;SQUID_INK;SEASHELLS;1962;1
87600;;;KELP;SEASHELLS;2029;1
87600;;;SQUID_INK;SEASHELLS;1963;1
87800;;;RAINFOREST_RESIN;SEASHELLS;9998;1
88000;;;RAINFOREST_RESIN;SEASHELLS;10002;1
88200;;;KELP;SEASHELLS;2030;1
88200;;;RAINFOREST_RESIN;SEASHELLS;9998;1
88200;;;RAINFOREST_RESIN;SEASHELLS;9998;2
88200;;;SQUID_INK;SEASHELLS;1963;1
88400;;;KELP;SEASHELLS;2029;1
88400;;;SQUID_INK;SEASHELLS;1963;1
88500;;;KELP;SEASHELLS;2031;1
88500;;;RAINFOREST_RESIN;SEASHELLS;10005;1
88500;;;SQUID_INK;SEASHELLS;1964;1
89100;;;KELP;SEASHELLS;2028;1
89100;;;SQUID_INK;SEASHELLS;1963;1
89600;;;KELP;SEASHELLS;2028;1
89600;;;KELP;SEASHELLS;2028;1
89600;;;SQUID_INK;SEASHELLS;1964;1
89600;;;SQUID_INK;SEASHELLS;1964;10
89800;;;KELP;SEASHELLS;2030;1
89800;;;SQUID_INK;SEASHELLS;1965;1
89900;;;KELP;SEASHELLS;2031;1
89900;;;RAINFOREST_RESIN;SEASHELLS;10004;1
89900;;;SQUID_INK;SEASHELLS;1968;1
90100;;;RAINFOREST_RESIN;SEASHELLS;9998;1
90200;;;KELP;SEASHELLS;2030;1
90200;;;RAINFOREST_RESIN;SEASHELLS;10004;1
90200;;;SQUID_INK;SEASHELLS;1968;1
90300;;;KELP;SEASHELLS;2031;2
90300;;;RAINFOREST_RESIN;SEASHELLS;10005;2
90300;;;SQUID_INK;SEASHELLS;1969;2
90400;;;KELP;SEASHELLS;2028;8
90400;;;SQUID_INK;SEASHELLS;1966;8
90500;;;KELP;SEASHELLS;2031;1
90500;;;RAINFOREST_RESIN;SEASHELLS;10004;1
90500;;;SQUID_INK;SEASHELLS;1969;1
90700;;;KELP;SEASHELLS;2031;1
90700;;;RAINFOREST_RESIN;SEASHELLS;10005;1
90700;;;SQUID_INK;SEASHELLS;1967;1
91000;;;RAINFOREST_RESIN;SEASHELLS;10002;1
91600;;;KELP;SEASHELLS;2029;1
91600;;;SQUID_INK;SEASHELLS;1966;1
91800;;;KELP;SEASHELLS;2028;1
91800;;;SQUID_INK;SEASHELLS;1962;1
91900;;;SQUID_INK;SEASHELLS;1962;2
92200;;;RAINFOREST_RESIN;SEASHELLS;10002;3
92300;;;KELP;SEASHELLS;2027;1
92300;;;KELP;SEASHELLS;2030;1
92300;;;RAINFOREST_RESIN;SEASHELLS;10004;1
92300;;;SQUID_INK;SEASHELLS;1962;1
92300;;;SQUID_INK;SEASHELLS;1965;1
92400;;;KELP;SEASHELLS;2030;2
92400;;;RAINFOREST_RESIN;SEASHELLS;10002;2
92400;;;SQUID_INK;SEASHELLS;1965;2
92600;;;SQUID_INK;SEASHELLS;1962;1
93100;;;KELP;SEASHELLS;2028;2
93100;;;RAINFOREST_RESIN;SEASHELLS;10002;1
93600;;;KELP;SEASHELLS;2030;1
93600;;;RAINFOREST_RESIN;SEASHELLS;9998;1
93600;;;SQUID_INK;SEASHELLS;1969;1
94500;;;KELP;SEASHELLS;2030;15
94500;;;SQUID_INK;SEASHELLS;1971;15
94700;;;KELP;SEASHELLS;2029;1
94700;;;SQUID_INK;SEASHELLS;1968;1
94800;;;KELP;SEASHELLS;2027;2
94800;;;RAINFOREST_RESIN;SEASHELLS;9996;1
94800;;;RAINFOREST_RESIN;SEASHELLS;9996;1
94800;;;SQUID_INK;SEASHELLS;1968;2
95100;;;SQUID_INK;SEASHELLS;1972;1
95300;;;KELP;SEASHELLS;2030;1
95300;;;SQUID_INK;SEASHELLS;1973;1
95600;;;RAINFOREST_RESIN;SEASHELLS;9998;1
95700;;;RAINFOREST_RESIN;SEASHELLS;10002;7
95800;;;KELP;SEASHELLS;2028;1
95800;;;RAINFOREST_RESIN;SEASHELLS;9998;1
95800;;;SQUID_INK;SEASHELLS;1970;1
95900;;;KELP;SEASHELLS;2030;1
96000;;;KELP;SEASHELLS;2030;1
96000;;;SQUID_INK;SEASHELLS;1973;1
96100;;;KELP;SEASHELLS;2028;1
96100;;;KELP;SEASHELLS;2031;2
96100;;;RAINFOREST_RESIN;SEASHELLS;10002;2
96100;;;SQUID_INK;SEASHELLS;1971;1
96100;;;SQUID_INK;SEASHELLS;1974;2
96400;;;KELP;SEASHELLS;2028;7
96400;;;KELP;SEASHELLS;2028;3
96400;;;SQUID_INK;SEASHELLS;1971;7
96400;;;SQUID_INK;SEASHELLS;1971;3
96600;;;KELP;SEASHELLS;2028;1
96600;;;SQUID_INK;SEASHELLS;1970;1
96600;;;SQUID_INK;SEASHELLS;1971;1
97200;;;KELP;SEASHELLS;2028;5
97200;;;SQUID_INK;SEASHELLS;1971;5
97900;;;RAINFOREST_RESIN;SEASHELLS;10002;3
98000;;;RAINFOREST_RESIN;SEASHELLS;10004;2
98000;;;RAINFOREST_RESIN;SEASHELLS;10004;3
98100;;;KELP;SEASHELLS;2028;1
98100;;;RAINFOREST_RESIN;SEASHELLS;9998;1
98100;;;SQUID_INK;SEASHELLS;1972;1
98200;;;KELP;SEASHELLS;2028;6
98200;;;SQUID_INK;SEASHELLS;1972;6
98500;;;RAINFOREST_RESIN;SEASHELLS;9998;1
98600;;;RAINFOREST_RESIN;SEASHELLS;10005;9
98900;;;RAINFOREST_RESIN;SEASHELLS;10004;1
98900;;;RAINFOREST_RESIN;SEASHELLS;10005;2
99200;;;KELP;SEASHELLS;2028;2
99200;;;RAINFOREST_RESIN;SEASHELLS;9995;2
99200;;;SQUID_INK;SEASHELLS;1967;2
99300;;;KELP;SEASHELLS;2030;1
99300;;;RAINFOREST_RESIN;SEASHELLS;9998;1
99500;;;RAINFOREST_RESIN;SEASHELLS;9998;3
99600;;;KELP;SEASHELLS;2031;12
99600;;;SQUID_INK;SEASHELLS;1968;12
99700;;;KELP;SEASHELLS;2028;2
99700;;;RAINFOREST_RESIN;SEASHELLS;9995;2
99700;;;SQUID_INK;SEASHELLS;1966;2
99900;;;KELP;SEASHELLS;2028;1
99900;;;SQUID_INK;SEASHELLS;1967;1
